Index,Directory
1,04-14-2020-bldg-372/dnncam1/video-00060-2019_06_27_21_23_08.mkv
2,04-14-2020-bldg-372/dnncam1/video-00042-2019_06_27_21_23_08.mkv
3,04-14-2020-bldg-372/dnncam1/video-00059-2019_06_27_21_23_08.mkv
4,04-14-2020-bldg-372/dnncam1/video-00020-2019_06_27_21_23_08.mkv
5,04-14-2020-bldg-372/dnncam1/video-00034-2019_06_27_21_23_08.mkv
6,04-14-2020-bldg-372/dnncam1/video-00040-2019_06_27_21_23_08.mkv
7,04-14-2020-bldg-372/dnncam1/video-00005-2019_06_27_21_23_08.mkv
8,04-14-2020-bldg-372/dnncam1/video-00053-2019_06_27_21_23_08.mkv
9,04-14-2020-bldg-372/dnncam1/video-00046-2019_06_27_21_23_08.mkv
10,04-14-2020-bldg-372/dnncam1/video-00032-2019_06_27_21_23_08.mkv
11,04-14-2020-bldg-372/dnncam1/video-00066-2019_06_27_21_23_08.mkv
12,04-14-2020-bldg-372/dnncam1/video-00067-2019_06_27_21_23_08.mkv
13,04-14-2020-bldg-372/dnncam1/video-00024-2019_06_27_21_23_08.mkv
14,04-14-2020-bldg-372/dnncam1/video-00010-2019_06_27_21_23_08.mkv
15,04-14-2020-bldg-372/dnncam1/video-00028-2019_06_27_21_23_08.mkv
16,04-14-2020-bldg-372/dnncam1/video-00061-2019_06_27_21_23_08.mkv
17,04-14-2020-bldg-372/dnncam1/video-00021-2019_06_27_21_23_08.mkv
18,04-14-2020-bldg-372/dnncam1/video-00007-2019_06_27_21_23_08.mkv
19,04-14-2020-bldg-372/dnncam1/video-00013-2019_06_27_21_23_08.mkv
20,04-14-2020-bldg-372/dnncam1/video-00018-2019_06_27_21_23_08.mkv
21,04-14-2020-bldg-372/dnncam1/video-00051-2019_06_27_21_23_08.mkv
22,04-14-2020-bldg-372/dnncam1/video-00015-2019_06_27_21_23_08.mkv
23,04-14-2020-bldg-372/dnncam1/video-00031-2019_06_27_21_23_08.mkv
24,04-14-2020-bldg-372/dnncam1/video-00001-2019_06_27_21_23_08.mkv
25,04-14-2020-bldg-372/dnncam1/video-00017-2019_06_27_21_23_08.mkv
26,04-14-2020-bldg-372/dnncam1/video-00016-2019_06_27_21_23_08.mkv
27,04-14-2020-bldg-372/dnncam1/video-00070-2019_06_27_21_23_08.mkv
28,04-14-2020-bldg-372/dnncam1/video-00006-2019_06_27_21_23_08.mkv
29,04-14-2020-bldg-372/dnncam1/video-00063-2019_06_27_21_23_08.mkv
30,04-14-2020-bldg-372/dnncam1/video-00065-2019_06_27_21_23_08.mkv
31,04-14-2020-bldg-372/dnncam1/video-00054-2019_06_27_21_23_08.mkv
32,04-14-2020-bldg-372/dnncam1/video-00019-2019_06_27_21_23_08.mkv
33,04-14-2020-bldg-372/dnncam1/video-00049-2019_06_27_21_23_08.mkv
34,04-14-2020-bldg-372/dnncam1/video-00039-2019_06_27_21_23_08.mkv
35,04-14-2020-bldg-372/dnncam1/video-00000-2019_06_27_21_23_08.mkv
36,04-14-2020-bldg-372/dnncam1/video-00045-2019_06_27_21_23_08.mkv
37,04-14-2020-bldg-372/dnncam1/video-00038-2019_06_27_21_23_08.mkv
38,04-14-2020-bldg-372/dnncam1/video-00062-2019_06_27_21_23_08.mkv
39,04-14-2020-bldg-372/dnncam1/video-00009-2019_06_27_21_23_08.mkv
40,04-14-2020-bldg-372/dnncam1/video-00033-2019_06_27_21_23_08.mkv
41,04-14-2020-bldg-372/dnncam1/video-00004-2019_06_27_21_23_08.mkv
42,04-14-2020-bldg-372/dnncam1/video-00022-2019_06_27_21_23_08.mkv
43,04-14-2020-bldg-372/dnncam1/video-00048-2019_06_27_21_23_08.mkv
44,04-14-2020-bldg-372/dnncam1/video-00014-2019_06_27_21_23_08.mkv
45,04-14-2020-bldg-372/dnncam1/video-00068-2019_06_27_21_23_08.mkv
46,04-14-2020-bldg-372/dnncam1/video-00055-2019_06_27_21_23_08.mkv
47,04-14-2020-bldg-372/dnncam1/video-00026-2019_06_27_21_23_08.mkv
48,04-14-2020-bldg-372/dnncam1/video-00027-2019_06_27_21_23_08.mkv
49,04-14-2020-bldg-372/dnncam1/video-00008-2019_06_27_21_23_08.mkv
50,04-14-2020-bldg-372/dnncam1/video-00047-2019_06_27_21_23_08.mkv
51,04-14-2020-bldg-372/dnncam1/video-00025-2019_06_27_21_23_08.mkv
52,04-14-2020-bldg-372/dnncam1/video-00023-2019_06_27_21_23_08.mkv
53,04-14-2020-bldg-372/dnncam1/video-00044-2019_06_27_21_23_08.mkv
54,04-14-2020-bldg-372/dnncam1/video-00050-2019_06_27_21_23_08.mkv
55,04-14-2020-bldg-372/dnncam1/video-00011-2019_06_27_21_23_08.mkv
56,04-14-2020-bldg-372/dnncam1/video-00036-2019_06_27_21_23_08.mkv
57,04-14-2020-bldg-372/dnncam1/video-00003-2019_06_27_21_23_08.mkv
58,04-14-2020-bldg-372/dnncam1/video-00030-2019_06_27_21_23_08.mkv
59,04-14-2020-bldg-372/dnncam1/video-00064-2019_06_27_21_23_08.mkv
60,04-14-2020-bldg-372/dnncam1/video-00069-2019_06_27_21_23_08.mkv
61,04-14-2020-bldg-372/dnncam1/video-00058-2019_06_27_21_23_08.mkv
62,04-14-2020-bldg-372/dnncam1/video-00029-2019_06_27_21_23_08.mkv
63,04-14-2020-bldg-372/dnncam1/video-00012-2019_06_27_21_23_08.mkv
64,04-14-2020-bldg-372/dnncam1/video-00035-2019_06_27_21_23_08.mkv
65,04-14-2020-bldg-372/dnncam1/video-00037-2019_06_27_21_23_08.mkv
66,04-14-2020-bldg-372/dnncam1/video-00041-2019_06_27_21_23_08.mkv
67,04-14-2020-bldg-372/dnncam1/video-00057-2019_06_27_21_23_08.mkv
68,04-14-2020-bldg-372/dnncam1/video-00002-2019_06_27_21_23_08.mkv
69,04-14-2020-bldg-372/dnncam1/video-00052-2019_06_27_21_23_08.mkv
70,04-14-2020-bldg-372/dnncam1/video-00043-2019_06_27_21_23_08.mkv
71,04-14-2020-bldg-372/dnncam1/video-00056-2019_06_27_21_23_08.mkv
72,04-14-2020-bldg-372/dnncam2/video-00115-2019_06_25_09_08_30.mkv
73,04-14-2020-bldg-372/dnncam2/video-00006-2019_06_25_09_08_30.mkv
74,04-14-2020-bldg-372/dnncam2/video-00010-2019_06_25_09_08_30.mkv
75,04-14-2020-bldg-372/dnncam2/video-00101-2019_06_25_09_08_30.mkv
76,04-14-2020-bldg-372/dnncam2/video-00053-2019_06_25_09_08_30.mkv
77,04-14-2020-bldg-372/dnncam2/video-00098-2019_06_25_09_08_30.mkv
78,04-14-2020-bldg-372/dnncam2/video-00048-2019_06_25_09_08_30.mkv
79,04-14-2020-bldg-372/dnncam2/video-00001-2019_06_25_09_08_30.mkv
80,04-14-2020-bldg-372/dnncam2/video-00031-2019_06_25_09_08_30.mkv
81,04-14-2020-bldg-372/dnncam2/video-00073-2019_06_25_09_08_30.mkv
82,04-14-2020-bldg-372/dnncam2/video-00093-2019_06_25_09_08_30.mkv
83,04-14-2020-bldg-372/dnncam2/video-00023-2019_06_25_09_08_30.mkv
84,04-14-2020-bldg-372/dnncam2/video-00050-2019_06_25_09_08_30.mkv
85,04-14-2020-bldg-372/dnncam2/video-00066-2019_06_25_09_08_30.mkv
86,04-14-2020-bldg-372/dnncam2/video-00025-2019_06_25_09_08_30.mkv
87,04-14-2020-bldg-372/dnncam2/video-00096-2019_06_25_09_08_30.mkv
88,04-14-2020-bldg-372/dnncam2/video-00094-2019_06_25_09_08_30.mkv
89,04-14-2020-bldg-372/dnncam2/video-00117-2019_06_25_09_08_30.mkv
90,04-14-2020-bldg-372/dnncam2/video-00097-2019_06_25_09_08_30.mkv
91,04-14-2020-bldg-372/dnncam2/video-00069-2019_06_25_09_08_30.mkv
92,04-14-2020-bldg-372/dnncam2/video-00095-2019_06_25_09_08_30.mkv
93,04-14-2020-bldg-372/dnncam2/video-00033-2019_06_25_09_08_30.mkv
94,04-14-2020-bldg-372/dnncam2/video-00136-2019_06_25_09_08_30.mkv
95,04-14-2020-bldg-372/dnncam2/video-00133-2019_06_25_09_08_30.mkv
96,04-14-2020-bldg-372/dnncam2/video-00135-2019_06_25_09_08_30.mkv
97,04-14-2020-bldg-372/dnncam2/video-00123-2019_06_25_09_08_30.mkv
98,04-14-2020-bldg-372/dnncam2/video-00067-2019_06_25_09_08_30.mkv
99,04-14-2020-bldg-372/dnncam2/video-00014-2019_06_25_09_08_30.mkv
100,04-14-2020-bldg-372/dnncam2/video-00121-2019_06_25_09_08_30.mkv
101,04-14-2020-bldg-372/dnncam2/video-00137-2019_06_25_09_08_30.mkv
102,04-14-2020-bldg-372/dnncam2/video-00102-2019_06_25_09_08_30.mkv
103,04-14-2020-bldg-372/dnncam2/video-00054-2019_06_25_09_08_30.mkv
104,04-14-2020-bldg-372/dnncam2/video-00028-2019_06_25_09_08_30.mkv
105,04-14-2020-bldg-372/dnncam2/video-00086-2019_06_25_09_08_30.mkv
106,04-14-2020-bldg-372/dnncam2/video-00046-2019_06_25_09_08_30.mkv
107,04-14-2020-bldg-372/dnncam2/video-00110-2019_06_25_09_08_30.mkv
108,04-14-2020-bldg-372/dnncam2/video-00087-2019_06_25_09_08_30.mkv
109,04-14-2020-bldg-372/dnncam2/video-00100-2019_06_25_09_08_30.mkv
110,04-14-2020-bldg-372/dnncam2/video-00013-2019_06_25_09_08_30.mkv
111,04-14-2020-bldg-372/dnncam2/video-00128-2019_06_25_09_08_30.mkv
112,04-14-2020-bldg-372/dnncam2/video-00072-2019_06_25_09_08_30.mkv
113,04-14-2020-bldg-372/dnncam2/video-00114-2019_06_25_09_08_30.mkv
114,04-14-2020-bldg-372/dnncam2/video-00056-2019_06_25_09_08_30.mkv
115,04-14-2020-bldg-372/dnncam2/video-00044-2019_06_25_09_08_30.mkv
116,04-14-2020-bldg-372/dnncam2/video-00070-2019_06_25_09_08_30.mkv
117,04-14-2020-bldg-372/dnncam2/video-00084-2019_06_25_09_08_30.mkv
118,04-14-2020-bldg-372/dnncam2/video-00000-2019_06_25_09_08_30.mkv
119,04-14-2020-bldg-372/dnncam2/video-00059-2019_06_25_09_08_30.mkv
120,04-14-2020-bldg-372/dnncam2/video-00080-2019_06_25_09_08_30.mkv
121,04-14-2020-bldg-372/dnncam2/video-00063-2019_06_25_09_08_30.mkv
122,04-14-2020-bldg-372/dnncam2/video-00057-2019_06_25_09_08_30.mkv
123,04-14-2020-bldg-372/dnncam2/video-00007-2019_06_25_09_08_30.mkv
124,04-14-2020-bldg-372/dnncam2/video-00058-2019_06_25_09_08_30.mkv
125,04-14-2020-bldg-372/dnncam2/video-00122-2019_06_25_09_08_30.mkv
126,04-14-2020-bldg-372/dnncam2/video-00068-2019_06_25_09_08_30.mkv
127,04-14-2020-bldg-372/dnncam2/video-00015-2019_06_25_09_08_30.mkv
128,04-14-2020-bldg-372/dnncam2/video-00065-2019_06_25_09_08_30.mkv
129,04-14-2020-bldg-372/dnncam2/video-00113-2019_06_25_09_08_30.mkv
130,04-14-2020-bldg-372/dnncam2/video-00011-2019_06_25_09_08_30.mkv
131,04-14-2020-bldg-372/dnncam2/video-00126-2019_06_25_09_08_30.mkv
132,04-14-2020-bldg-372/dnncam2/video-00118-2019_06_25_09_08_30.mkv
133,04-14-2020-bldg-372/dnncam2/video-00078-2019_06_25_09_08_30.mkv
134,04-14-2020-bldg-372/dnncam2/video-00109-2019_06_25_09_08_30.mkv
135,04-14-2020-bldg-372/dnncam2/video-00042-2019_06_25_09_08_30.mkv
136,04-14-2020-bldg-372/dnncam2/video-00038-2019_06_25_09_08_30.mkv
137,04-14-2020-bldg-372/dnncam2/video-00127-2019_06_25_09_08_30.mkv
138,04-14-2020-bldg-372/dnncam2/video-00049-2019_06_25_09_08_30.mkv
139,04-14-2020-bldg-372/dnncam2/video-00108-2019_06_25_09_08_30.mkv
140,04-14-2020-bldg-372/dnncam2/video-00092-2019_06_25_09_08_30.mkv
141,04-14-2020-bldg-372/dnncam2/video-00085-2019_06_25_09_08_30.mkv
142,04-14-2020-bldg-372/dnncam2/video-00012-2019_06_25_09_08_30.mkv
143,04-14-2020-bldg-372/dnncam2/video-00018-2019_06_25_09_08_30.mkv
144,04-14-2020-bldg-372/dnncam2/video-00112-2019_06_25_09_08_30.mkv
145,04-14-2020-bldg-372/dnncam2/video-00099-2019_06_25_09_08_30.mkv
146,04-14-2020-bldg-372/dnncam2/video-00076-2019_06_25_09_08_30.mkv
147,04-14-2020-bldg-372/dnncam2/video-00074-2019_06_25_09_08_30.mkv
148,04-14-2020-bldg-372/dnncam2/video-00016-2019_06_25_09_08_30.mkv
149,04-14-2020-bldg-372/dnncam2/video-00037-2019_06_25_09_08_30.mkv
150,04-14-2020-bldg-372/dnncam2/video-00088-2019_06_25_09_08_30.mkv
151,04-14-2020-bldg-372/dnncam2/video-00130-2019_06_25_09_08_30.mkv
152,04-14-2020-bldg-372/dnncam2/video-00047-2019_06_25_09_08_30.mkv
153,04-14-2020-bldg-372/dnncam2/video-00125-2019_06_25_09_08_30.mkv
154,04-14-2020-bldg-372/dnncam2/video-00111-2019_06_25_09_08_30.mkv
155,04-14-2020-bldg-372/dnncam2/video-00120-2019_06_25_09_08_30.mkv
156,04-14-2020-bldg-372/dnncam2/video-00029-2019_06_25_09_08_30.mkv
157,04-14-2020-bldg-372/dnncam2/video-00119-2019_06_25_09_08_30.mkv
158,04-14-2020-bldg-372/dnncam2/video-00019-2019_06_25_09_08_30.mkv
159,04-14-2020-bldg-372/dnncam2/video-00030-2019_06_25_09_08_30.mkv
160,04-14-2020-bldg-372/dnncam2/video-00089-2019_06_25_09_08_30.mkv
161,04-14-2020-bldg-372/dnncam2/video-00017-2019_06_25_09_08_30.mkv
162,04-14-2020-bldg-372/dnncam2/video-00083-2019_06_25_09_08_30.mkv
163,04-14-2020-bldg-372/dnncam2/video-00055-2019_06_25_09_08_30.mkv
164,04-14-2020-bldg-372/dnncam2/video-00105-2019_06_25_09_08_30.mkv
165,04-14-2020-bldg-372/dnncam2/video-00051-2019_06_25_09_08_30.mkv
166,04-14-2020-bldg-372/dnncam2/video-00081-2019_06_25_09_08_30.mkv
167,04-14-2020-bldg-372/dnncam2/video-00079-2019_06_25_09_08_30.mkv
168,04-14-2020-bldg-372/dnncam2/video-00005-2019_06_25_09_08_30.mkv
169,04-14-2020-bldg-372/dnncam2/video-00061-2019_06_25_09_08_30.mkv
170,04-14-2020-bldg-372/dnncam2/video-00040-2019_06_25_09_08_30.mkv
171,04-14-2020-bldg-372/dnncam2/video-00003-2019_06_25_09_08_30.mkv
172,04-14-2020-bldg-372/dnncam2/video-00034-2019_06_25_09_08_30.mkv
173,04-14-2020-bldg-372/dnncam2/video-00107-2019_06_25_09_08_30.mkv
174,04-14-2020-bldg-372/dnncam2/video-00116-2019_06_25_09_08_30.mkv
175,04-14-2020-bldg-372/dnncam2/video-00090-2019_06_25_09_08_30.mkv
176,04-14-2020-bldg-372/dnncam2/video-00045-2019_06_25_09_08_30.mkv
177,04-14-2020-bldg-372/dnncam2/video-00022-2019_06_25_09_08_30.mkv
178,04-14-2020-bldg-372/dnncam2/video-00043-2019_06_25_09_08_30.mkv
179,04-14-2020-bldg-372/dnncam2/video-00027-2019_06_25_09_08_30.mkv
180,04-14-2020-bldg-372/dnncam2/video-00032-2019_06_25_09_08_30.mkv
181,04-14-2020-bldg-372/dnncam2/video-00041-2019_06_25_09_08_30.mkv
182,04-14-2020-bldg-372/dnncam2/video-00131-2019_06_25_09_08_30.mkv
183,04-14-2020-bldg-372/dnncam2/video-00009-2019_06_25_09_08_30.mkv
184,04-14-2020-bldg-372/dnncam2/video-00082-2019_06_25_09_08_30.mkv
185,04-14-2020-bldg-372/dnncam2/video-00124-2019_06_25_09_08_30.mkv
186,04-14-2020-bldg-372/dnncam2/video-00106-2019_06_25_09_08_30.mkv
187,04-14-2020-bldg-372/dnncam2/video-00020-2019_06_25_09_08_30.mkv
188,04-14-2020-bldg-372/dnncam2/video-00039-2019_06_25_09_08_30.mkv
189,04-14-2020-bldg-372/dnncam2/video-00103-2019_06_25_09_08_30.mkv
190,04-14-2020-bldg-372/dnncam2/video-00132-2019_06_25_09_08_30.mkv
191,04-14-2020-bldg-372/dnncam2/video-00060-2019_06_25_09_08_30.mkv
192,04-14-2020-bldg-372/dnncam2/video-00104-2019_06_25_09_08_30.mkv
193,04-14-2020-bldg-372/dnncam2/video-00002-2019_06_25_09_08_30.mkv
194,04-14-2020-bldg-372/dnncam2/video-00021-2019_06_25_09_08_30.mkv
195,04-14-2020-bldg-372/dnncam2/video-00091-2019_06_25_09_08_30.mkv
196,04-14-2020-bldg-372/dnncam2/video-00071-2019_06_25_09_08_30.mkv
197,04-14-2020-bldg-372/dnncam2/video-00024-2019_06_25_09_08_30.mkv
198,04-14-2020-bldg-372/dnncam2/video-00026-2019_06_25_09_08_30.mkv
199,04-14-2020-bldg-372/dnncam2/video-00052-2019_06_25_09_08_30.mkv
200,04-14-2020-bldg-372/dnncam2/video-00008-2019_06_25_09_08_30.mkv
201,04-14-2020-bldg-372/dnncam2/video-00035-2019_06_25_09_08_30.mkv
202,04-14-2020-bldg-372/dnncam2/video-00062-2019_06_25_09_08_30.mkv
203,04-14-2020-bldg-372/dnncam2/video-00036-2019_06_25_09_08_30.mkv
204,04-14-2020-bldg-372/dnncam2/video-00075-2019_06_25_09_08_30.mkv
205,04-14-2020-bldg-372/dnncam2/video-00129-2019_06_25_09_08_30.mkv
206,04-14-2020-bldg-372/dnncam2/video-00004-2019_06_25_09_08_30.mkv
207,04-14-2020-bldg-372/dnncam2/video-00077-2019_06_25_09_08_30.mkv
208,04-14-2020-bldg-372/dnncam2/video-00134-2019_06_25_09_08_30.mkv
209,04-14-2020-bldg-372/dnncam2/video-00064-2019_06_25_09_08_30.mkv
